id_osm_radar,limite_velocidade,limite_velocidade_pesados,geometry
577242,90,60,"c(-46.717651, -23.5562976)"
25619365,60,NA,"c(-46.703478, -23.5640764)"
25675075,70,60,"c(-46.7067488, -23.6245457)"
25716953,50,NA,"c(-46.685963, -23.5993461)"
25782628,90,60,"c(-46.5948938, -23.528676)"
26201529,80,NA,"c(-46.5758303, -23.4013512)"
26201585,80,60,"c(-46.569243, -23.3878562)"
26352646,50,NA,"c(-46.6906098, -23.683223)"
26465178,120,90,"c(-46.60619, -23.7302922)"
26587911,80,NA,"c(-46.5297418, -23.9173425)"
26593999,50,NA,"c(-46.6016413, -23.6170253)"
26594107,70,NA,"c(-46.5963794, -23.6309348)"
26705618,90,NA,"c(-46.5618042, -23.6986905)"
29692298,50,NA,"c(-46.6419008, -23.6762174)"
29692676,50,NA,"c(-46.6358256, -23.6684505)"
130010311,50,NA,"c(-46.6184402, -23.5523751)"
157198525,50,NA,"c(-46.7111658, -23.5514763)"
245378765,50,NA,"c(-46.5065441, -23.4643732)"
305269239,50,NA,"c(-46.6735923, -23.6408893)"
312670305,50,NA,"c(-46.6659735, -23.5102993)"
312679408,40,NA,"c(-46.6413476, -23.4983797)"
496282244,40,NA,"c(-46.6309816, -23.4970274)"
592903450,50,NA,"c(-46.5680578, -23.4580392)"
615647999,80,60,"c(-46.4272883, -23.9323856)"
617887899,50,NA,"c(-46.6423691, -23.5496781)"
663049651,40,NA,"c(-46.5099707, -23.5891892)"
679632303,40,NA,"c(-46.6516723, -23.6369808)"
681434505,100,80,"c(-46.7980362, -23.7534678)"
681717039,100,80,"c(-46.8127774, -23.7430802)"
765121536,50,NA,"c(-46.6947464, -23.5912183)"
765184587,40,NA,"c(-46.6472568, -23.5155503)"
770206897,50,NA,"c(-46.6476293, -23.5928984)"
953290534,50,NA,"c(-46.4084288, -23.4190679)"
981556785,50,NA,"c(-46.726419, -23.4024633)"
1028696831,NA,NA,"c(-46.5440895, -23.7580007)"
1036654814,40,NA,"c(-46.5224119, -23.5981203)"
1079949598,40,NA,"c(-46.5291464, -23.5752961)"
1107272564,60,50,"c(-46.6972449, -23.6074601)"
1107272655,90,60,"c(-46.6988211, -23.6054535)"
1107272669,90,60,"c(-46.697432, -23.607251)"
1113256803,90,60,"c(-46.6937761, -23.5829129)"
1113256819,50,NA,"c(-46.6733867, -23.6395037)"
1113256948,50,NA,"c(-46.6765363, -23.6491188)"
1259642023,50,NA,"c(-46.750246, -23.6061617)"
1259652504,50,NA,"c(-46.6697492, -23.6509181)"
1280040217,50,NA,"c(-46.6733512, -23.6411129)"
1370704482,60,50,"c(-46.7177355, -23.6568326)"
1370718139,90,60,"c(-46.7245008, -23.6496777)"
1397985550,50,NA,"c(-46.6272703, -23.6155474)"
1399167386,50,NA,"c(-46.6698033, -23.6115689)"
1406363553,50,NA,"c(-46.5710865, -23.7506633)"
1409273114,60,NA,"c(-46.548538, -23.7277955)"
1419743345,30,NA,"c(-46.5243192, -23.7237347)"
1620800803,50,NA,"c(-46.7471997, -23.597974)"
1640725784,60,NA,"c(-46.7883215, -23.5194474)"
1656970871,60,NA,"c(-46.7887679, -23.5063153)"
1657348091,50,NA,"c(-46.6002005, -23.4760004)"
1657369213,40,NA,"c(-46.5997789, -23.4649161)"
1657981253,50,NA,"c(-46.5353259, -23.4472326)"
1662593579,50,NA,"c(-46.4813678, -23.5416371)"
1662593638,50,NA,"c(-46.5099912, -23.5196253)"
1678061706,40,NA,"c(-46.4351678, -23.5543392)"
1698801866,40,NA,"c(-46.7686733, -23.5556419)"
1706412822,40,NA,"c(-46.5402398, -23.5222132)"
1736492573,40,NA,"c(-46.6069921, -23.6454984)"
1754402370,70,60,"c(-46.7360042, -23.5184796)"
1795339706,50,NA,"c(-46.6742912, -23.4809959)"
1819457827,50,NA,"c(-46.692852, -23.5680344)"
1899228394,60,NA,"c(-46.5531, -23.6952502)"
1952848031,40,NA,"c(-46.6660398, -23.5499291)"
1986757988,90,70,"c(-46.7110227, -23.5578862)"
2021098358,60,NA,"c(-46.5927668, -23.6787968)"
2057821390,50,NA,"c(-46.5230472, -23.4996711)"
2076996468,40,NA,"c(-46.5313526, -23.5063029)"
2130280604,60,50,"c(-46.7223028, -23.5132636)"
2308541237,30,NA,"c(-46.8012353, -23.6750088)"
2376013981,50,NA,"c(-46.4634199, -23.4899973)"
2388091831,50,NA,"c(-46.6048242, -23.4821743)"
2393533061,50,NA,"c(-46.6123621, -23.4970414)"
2413894489,50,NA,"c(-46.5524491, -23.5356764)"
2413913518,50,NA,"c(-46.4933387, -23.5357182)"
2440989842,50,NA,"c(-46.4270505, -23.6678229)"
2441000962,NA,NA,"c(-46.4327106, -23.6648617)"
2453466159,40,NA,"c(-46.6852257, -23.5445146)"
2454873890,40,NA,"c(-46.6055063, -23.6152304)"
2455758014,40,NA,"c(-46.5519176, -23.5280275)"
2455758111,40,NA,"c(-46.5961519, -23.5680604)"
2456221388,50,NA,"c(-46.6113158, -23.563637)"
2477129764,50,NA,"c(-46.5028886, -23.5748935)"
2512350690,60,NA,"c(-46.7207702, -23.5760709)"
2518997514,40,NA,"c(-46.6509548, -23.6362048)"
2537960033,50,NA,"c(-46.6635953, -23.6584317)"
2542365126,50,NA,"c(-46.6043346, -23.5720437)"
2543820600,50,NA,"c(-46.6583627, -23.5227651)"
2545344482,50,NA,"c(-46.6660925, -23.5102062)"
2573762436,50,NA,"c(-46.7666527, -23.5777723)"
2573867370,NA,NA,"c(-46.5373698, -23.4352534)"
2573867390,NA,NA,"c(-46.537453, -23.4356029)"
2584006347,50,NA,"c(-46.6541196, -23.5588843)"
2592300983,40,NA,"c(-46.6635106, -23.6162749)"
2592300984,50,NA,"c(-46.6616845, -23.6175325)"
2641387913,50,NA,"c(-46.651593, -23.6230319)"
2768032128,50,NA,"c(-46.5935873, -23.5444954)"
3077513375,80,NA,"c(-46.5631382, -23.6956568)"
3137625969,60,NA,"c(-46.5302139, -23.7744813)"
3156575647,70,NA,"c(-46.5984517, -23.6262314)"
3200928283,40,NA,"c(-46.5474077, -23.655934)"
3200928284,40,NA,"c(-46.5474991, -23.6559795)"
3347640599,50,NA,"c(-46.6394782, -23.5799038)"
3617696437,50,NA,"c(-46.7762165, -23.4104226)"
3838912809,80,NA,"c(-46.4645242, -23.9018394)"
3890672459,50,NA,"c(-46.6507051, -23.5663398)"
3927511439,40,NA,"c(-46.8082253, -23.510526)"
3927511561,100,NA,"c(-46.8180442, -23.5350677)"
3927511566,100,NA,"c(-46.8197506, -23.552471)"
3927511567,100,NA,"c(-46.8180791, -23.5668218)"
3927511576,100,80,"c(-46.8141201, -23.6069187)"
3927511578,NA,NA,"c(-46.8238567, -23.6679158)"
3927511579,100,80,"c(-46.8241297, -23.6795212)"
3927511580,100,80,"c(-46.8141648, -23.7011401)"
3927511581,100,80,"c(-46.811646, -23.7171291)"
3927511582,80,NA,"c(-46.7721564, -23.7632031)"
3927511583,60,NA,"c(-46.7624152, -23.7847803)"
3927511585,100,80,"c(-46.744553, -23.7989071)"
3927511586,100,80,"c(-46.6686304, -23.8007513)"
3927511587,100,80,"c(-46.7344277, -23.8027312)"
3927511588,NA,NA,"c(-46.6801209, -23.8075577)"
3927511630,120,90,"c(-46.5720052, -23.8705652)"
3927511631,100,NA,"c(-46.563374, -23.8955872)"
3927511632,100,80,"c(-46.5619436, -23.8986894)"
3927511660,80,60,"c(-46.4303534, -23.9288407)"
3927511661,80,60,"c(-46.4217774, -23.9392663)"
3927511662,80,60,"c(-46.4207138, -23.9406527)"
3927511663,80,60,"c(-46.4166798, -23.9459563)"
3995662294,50,NA,"c(-46.7179715, -23.570284)"
3995681937,50,NA,"c(-46.740306, -23.5706363)"
3996722010,50,NA,"c(-46.7373683, -23.5732226)"
3997843207,50,NA,"c(-46.7196362, -23.5711152)"
4090403555,50,NA,"c(-46.7174922, -23.5059949)"
4176896110,50,NA,"c(-46.6252404, -23.5152259)"
4176896112,50,NA,"c(-46.6249905, -23.5152371)"
4256193559,40,NA,"c(-46.7251005, -23.5287234)"
4293359800,60,NA,"c(-46.5592304, -23.6904496)"
4345292574,50,NA,"c(-46.7072686, -23.5569485)"
4348880261,50,NA,"c(-46.7019065, -23.5898479)"
4356762544,40,NA,"c(-46.5665913, -23.6919909)"
4370463043,40,NA,"c(-46.6318988, -23.5950398)"
4395389111,50,NA,"c(-46.6381739, -23.5406608)"
4395389112,50,NA,"c(-46.6380899, -23.5407584)"
4418028923,50,NA,"c(-46.7573974, -23.5685235)"
4433677050,NA,NA,"c(-46.7745641, -23.63392)"
4489649002,60,NA,"c(-46.5648444, -23.5271589)"
4495115743,40,NA,"c(-46.3659103, -23.5308914)"
4499522791,50,NA,"c(-46.5763094, -23.5619181)"
4613365188,50,NA,"c(-46.5660996, -23.71147)"
4639827596,50,NA,"c(-46.6791812, -23.5207914)"
4757137127,30,NA,"c(-46.8011909, -23.6749554)"
4900383803,50,NA,"c(-46.6559112, -23.4915325)"
4933300954,40,NA,"c(-46.7068956, -23.5256988)"
4953881408,40,NA,"c(-46.614318, -23.525313)"
4953881409,90,60,"c(-46.6114882, -23.5234092)"
4953894862,50,NA,"c(-46.606013, -23.5110199)"
5012977655,40,NA,"c(-46.4062943, -23.427937)"
5146029179,40,NA,"c(-46.5921653, -23.7160679)"
5197107530,50,NA,"c(-46.5705056, -23.6608834)"
5220484968,50,NA,"c(-46.602644, -23.6022864)"
5220498744,50,NA,"c(-46.6017712, -23.6169804)"
5233398682,50,NA,"c(-46.6304624, -23.5244435)"
5298169821,50,NA,"c(-46.6060774, -23.5118336)"
5321049900,40,NA,"c(-46.7354178, -23.6166556)"
5366941318,40,NA,"c(-46.6074345, -23.536462)"
5425400037,50,NA,"c(-46.5949716, -23.5158351)"
5425400042,50,NA,"c(-46.5951948, -23.5155038)"
5427592856,50,NA,"c(-46.6823284, -23.5654217)"
5437502608,40,NA,"c(-46.5986968, -23.4995169)"
5437502612,50,NA,"c(-46.6034589, -23.5036746)"
5437502613,50,NA,"c(-46.6181637, -23.5025253)"
5437502614,50,NA,"c(-46.6197907, -23.503191)"
5437502615,50,NA,"c(-46.6152627, -23.5065689)"
5437502616,50,NA,"c(-46.6153648, -23.5064903)"
5437768914,50,NA,"c(-46.6253697, -23.5273752)"
5437770221,50,NA,"c(-46.6257216, -23.5306042)"
5437770222,50,NA,"c(-46.6260797, -23.5319252)"
5437770223,50,NA,"c(-46.6250753, -23.5345579)"
5437770224,50,NA,"c(-46.6322825, -23.5325452)"
5437770225,50,NA,"c(-46.6337185, -23.5367432)"
5437962707,50,NA,"c(-46.5896074, -23.5183446)"
5437962708,50,NA,"c(-46.5896566, -23.5181624)"
5437962709,40,NA,"c(-46.5875506, -23.5093505)"
5437962710,40,NA,"c(-46.5876062, -23.5095011)"
5437962711,40,NA,"c(-46.5877418, -23.4992666)"
5437962712,40,NA,"c(-46.587523, -23.4989773)"
5440099811,50,NA,"c(-46.6873503, -23.523151)"
5440099815,50,NA,"c(-46.6837192, -23.5243038)"
5440100122,50,NA,"c(-46.6826344, -23.5270034)"
5440100123,50,NA,"c(-46.6827781, -23.5270135)"
5440100124,50,NA,"c(-46.682132, -23.5265244)"
5443581563,40,NA,"c(-46.4481054, -23.53266)"
5446138726,60,50,"c(-46.613468, -23.5205969)"
5446138727,70,60,"c(-46.6135599, -23.5207124)"
5446138728,90,60,"c(-46.6136468, -23.52082)"
5446138729,50,NA,"c(-46.5845077, -23.5168788)"
5446138742,60,50,"c(-46.5956327, -23.5267556)"
5446138743,70,60,"c(-46.5956841, -23.5268585)"
5446138755,60,NA,"c(-46.5991672, -23.526907)"
5446138756,70,60,"c(-46.5988532, -23.5269998)"
5446138757,90,60,"c(-46.5987146, -23.5269057)"
5446635511,50,NA,"c(-46.6312749, -23.5257684)"
5446635512,50,NA,"c(-46.6311743, -23.5257766)"
5446635513,50,NA,"c(-46.6310195, -23.5263348)"
5446635515,40,NA,"c(-46.6347145, -23.5382686)"
5446635516,50,NA,"c(-46.6323492, -23.5395208)"
5446635517,50,NA,"c(-46.629241, -23.540456)"
5446635520,50,NA,"c(-46.6282281, -23.541777)"
5448240765,50,NA,"c(-46.582953, -23.5351717)"
5448240766,50,NA,"c(-46.5830758, -23.535189)"
5448240767,50,NA,"c(-46.5826572, -23.5353657)"
5448240768,50,NA,"c(-46.5827678, -23.535386)"
5448271942,50,NA,"c(-46.6185172, -23.5524464)"
5448271943,50,NA,"c(-46.6186984, -23.5525995)"
5448485118,70,60,"c(-46.6367771, -23.5192931)"
5448487563,40,NA,"c(-46.5816201, -23.4949266)"
5448487565,40,NA,"c(-46.5811108, -23.4949622)"
5448920681,40,NA,"c(-46.6446823, -23.5156296)"
5452346181,50,NA,"c(-46.5492598, -23.4861142)"
5452346202,40,NA,"c(-46.5672563, -23.4803248)"
5452346205,40,NA,"c(-46.5797339, -23.4836333)"
5452346214,40,NA,"c(-46.5830295, -23.4852115)"
5452347526,40,NA,"c(-46.5918287, -23.4940051)"
5454258885,40,NA,"c(-46.6096609, -23.5031194)"
5457489057,90,NA,"c(-46.5519551, -23.4932584)"
5457489062,90,NA,"c(-46.5381151, -23.4837001)"
5457489065,110,90,"c(-46.5383655, -23.4840066)"
5457489066,110,90,"c(-46.5387247, -23.4844369)"
5457489079,40,NA,"c(-46.5805409, -23.5081386)"
5457489080,60,NA,"c(-46.5586833, -23.5051354)"
5457489081,60,NA,"c(-46.5588743, -23.5051579)"
5457489084,110,NA,"c(-46.5741692, -23.5104477)"
5457732472,50,NA,"c(-46.6305827, -23.5038347)"
5457732473,50,NA,"c(-46.6312789, -23.5039778)"
5457732477,50,NA,"c(-46.6290181, -23.5002284)"
5457732478,50,NA,"c(-46.6304024, -23.5002034)"
5457732479,40,NA,"c(-46.6223508, -23.5000614)"
5459575934,40,NA,"c(-46.6075156, -23.4983896)"
5459575938,40,NA,"c(-46.607221, -23.4983554)"
5459665260,50,NA,"c(-46.6122795, -23.4973074)"
5459730737,50,NA,"c(-46.6256937, -23.4984873)"
5460433111,50,NA,"c(-46.6104529, -23.4907333)"
5460433116,50,NA,"c(-46.610656, -23.490758)"
5460433120,50,NA,"c(-46.6076232, -23.4844455)"
5462391534,40,NA,"c(-46.6029767, -23.4837283)"
5462421670,50,NA,"c(-46.5917863, -23.4749941)"
5462729993,50,NA,"c(-46.6903935, -23.5651909)"
5462729994,50,NA,"c(-46.6904735, -23.5652373)"
5464618412,40,NA,"c(-46.6889972, -23.5669908)"
5464618413,50,NA,"c(-46.6839088, -23.5673655)"
5464618416,50,NA,"c(-46.6835764, -23.5673681)"
5464618417,50,NA,"c(-46.6782575, -23.5639634)"
5464618418,40,NA,"c(-46.5927532, -23.4816599)"
5467328823,60,50,"c(-46.5650513, -23.522998)"
5467328824,90,60,"c(-46.5650313, -23.5233125)"
5467328855,50,NA,"c(-46.5607234, -23.5191582)"
5467328856,50,NA,"c(-46.56097, -23.5190632)"
5467328858,90,60,"c(-46.5709022, -23.5267398)"
5467328862,60,50,"c(-46.5945102, -23.5301175)"
5467328864,50,NA,"c(-46.6295933, -23.5182978)"
5467328866,70,60,"c(-46.6456881, -23.5172246)"
5467328867,90,60,"c(-46.6458571, -23.5173955)"
5467328868,60,50,"c(-46.6476016, -23.5168782)"
5473593818,60,50,"c(-46.6618052, -23.5148707)"
5473593819,70,60,"c(-46.6618342, -23.5150826)"
5473593820,90,60,"c(-46.6616261, -23.5153681)"
5473594521,60,50,"c(-46.6757922, -23.5131031)"
5473594523,60,50,"c(-46.6769689, -23.5148446)"
5473594525,70,60,"c(-46.677242, -23.5145956)"
5473594526,90,60,"c(-46.6775884, -23.5143561)"
5473594527,90,60,"c(-46.6748098, -23.5136763)"
5474061760,90,60,"c(-46.5551975, -23.5192793)"
5474061763,60,50,"c(-46.5549532, -23.5189768)"
5475736711,40,NA,"c(-46.5565772, -23.5306008)"
5476639320,40,NA,"c(-46.6132467, -23.5409032)"
5476745331,50,NA,"c(-46.6107122, -23.5735173)"
5476745332,50,NA,"c(-46.6108119, -23.5735205)"
5476745333,50,NA,"c(-46.6109037, -23.5734614)"
5476745334,50,NA,"c(-46.6110028, -23.5734713)"
5478170508,50,NA,"c(-46.6217732, -23.595472)"
5478170509,50,NA,"c(-46.6211637, -23.5950679)"
5478170514,50,NA,"c(-46.6259428, -23.6047356)"
5478174640,50,NA,"c(-46.6155076, -23.5583455)"
5478174641,NA,NA,"c(-46.6025323, -23.5478429)"
5478174642,50,NA,"c(-46.6050413, -23.5496252)"
5478174644,50,NA,"c(-46.5860417, -23.5431368)"
5478808905,60,50,"c(-46.7322001, -23.5168421)"
5478808906,90,60,"c(-46.7246151, -23.5130078)"
5478810523,60,50,"c(-46.7109042, -23.5093572)"
5478810525,90,60,"c(-46.7067768, -23.5092853)"
5478810527,70,60,"c(-46.691598, -23.509354)"
5479057680,50,NA,"c(-46.5519901, -23.5041127)"
5480367101,50,NA,"c(-46.5336319, -23.5313916)"
5480378646,50,NA,"c(-46.5655083, -23.5385457)"
5480378647,50,NA,"c(-46.5654819, -23.5386568)"
5480407773,50,NA,"c(-46.7183806, -23.5045693)"
5480407774,40,NA,"c(-46.7310669, -23.4940793)"
5480407775,40,NA,"c(-46.7310025, -23.4940437)"
5480416674,50,NA,"c(-46.5753051, -23.5404897)"
5481336008,50,NA,"c(-46.7399606, -23.4856533)"
5481336009,50,NA,"c(-46.740112, -23.4856315)"
5483051007,50,NA,"c(-46.6465719, -23.5070852)"
5483051008,50,NA,"c(-46.6468236, -23.5068763)"
5483051015,40,NA,"c(-46.6784114, -23.502083)"
5489001905,40,NA,"c(-46.6157602, -23.4979254)"
5489001915,50,NA,"c(-46.6367561, -23.5999969)"
5489002126,50,NA,"c(-46.6365781, -23.5964287)"
5496814847,60,NA,"c(-46.6379192, -23.55666)"
5496814848,60,NA,"c(-46.6399515, -23.5622954)"
5496814861,40,NA,"c(-46.6416473, -23.5623682)"
5497099263,50,NA,"c(-46.6429023, -23.5360245)"
5497521753,40,NA,"c(-46.6375162, -23.5311866)"
5497521761,40,NA,"c(-46.639186, -23.5307196)"
5497615391,50,NA,"c(-46.6821751, -23.5603653)"
5497615398,40,NA,"c(-46.681644, -23.5624584)"
5499089624,40,NA,"c(-46.744829, -23.5202506)"
5499089626,60,50,"c(-46.7360074, -23.5185779)"
5499089627,90,60,"c(-46.7361788, -23.5182305)"
5499308263,50,NA,"c(-46.7053623, -23.5112437)"
5499308264,50,NA,"c(-46.705543, -23.5112519)"
5499646508,60,50,"c(-46.6984687, -23.5071274)"
5499646509,70,60,"c(-46.6984445, -23.5073188)"
5499646513,90,60,"c(-46.6986926, -23.507566)"
5499646514,90,60,"c(-46.691534, -23.5091898)"
5501919989,60,NA,"c(-46.5269636, -23.4634652)"
5501919990,50,NA,"c(-46.526927, -23.4631304)"
5501919991,60,NA,"c(-46.5272305, -23.4631809)"
5501920004,60,NA,"c(-46.5240215, -23.466926)"
5501920007,60,NA,"c(-46.5237219, -23.4669895)"
5503450853,50,NA,"c(-46.5352201, -23.5143954)"
5503450854,50,NA,"c(-46.5322318, -23.5150509)"
5503450872,50,NA,"c(-46.5258966, -23.5132341)"
5503818116,50,NA,"c(-46.6503504, -23.5232945)"
5503818117,50,NA,"c(-46.6509972, -23.5231024)"
5503919384,50,NA,"c(-46.6513117, -23.5220218)"
5505717309,50,NA,"c(-46.6463829, -23.5396071)"
5508336515,50,NA,"c(-46.6545147, -23.5141661)"
5508573545,70,60,"c(-46.7137291, -23.5076091)"
5509441721,50,NA,"c(-46.600315, -23.5567047)"
5511917343,50,NA,"c(-46.5531549, -23.5360274)"
5512457743,50,NA,"c(-46.7403612, -23.5075462)"
5515214439,50,NA,"c(-46.6203104, -23.4769568)"
5515404419,50,NA,"c(-46.6707648, -23.5096222)"
5515405121,50,NA,"c(-46.6478405, -23.542156)"
5515405122,50,NA,"c(-46.6476403, -23.5423419)"
5515517125,50,NA,"c(-46.6158392, -23.5585868)"
5515687439,40,NA,"c(-46.6082793, -23.4998599)"
5521452326,50,NA,"c(-46.6640376, -23.5220298)"
5521452327,50,NA,"c(-46.659488, -23.5228695)"
5521459827,50,NA,"c(-46.553499, -23.669073)"
5522959011,50,NA,"c(-46.674855, -23.5193842)"
5522959012,50,NA,"c(-46.6744768, -23.5193353)"
5528010829,40,NA,"c(-46.6229792, -23.4937402)"
5550577390,50,NA,"c(-46.5964775, -23.564148)"
5560514716,50,NA,"c(-46.588219, -23.7416334)"
5562225347,50,NA,"c(-46.5873543, -23.5743514)"
5562225361,50,NA,"c(-46.5876012, -23.5720627)"
5569192619,90,NA,"c(-46.5935698, -23.6381043)"
5569192922,70,NA,"c(-46.5921547, -23.6382545)"
5588633682,50,NA,"c(-46.624559, -23.4947423)"
5588633715,40,NA,"c(-46.675847, -23.4880596)"
5588633741,60,50,"c(-46.6506404, -23.518039)"
5588633742,90,60,"c(-46.646759, -23.5182839)"
5595550240,60,NA,"c(-46.5528844, -23.6952625)"
5596977221,50,NA,"c(-46.6421193, -23.5496807)"
5596977222,50,NA,"c(-46.6501398, -23.548362)"
5596977223,50,NA,"c(-46.6532115, -23.5494158)"
5596977224,40,NA,"c(-46.6573819, -23.5481062)"
5596977225,50,NA,"c(-46.654396, -23.5371295)"
5597185995,60,50,"c(-46.7113284, -23.5573497)"
5597185996,60,50,"c(-46.7113798, -23.5574613)"
5600473940,60,NA,"c(-46.6584039, -23.6139483)"
5600647357,60,NA,"c(-46.5795804, -23.6082674)"
5600647358,50,NA,"c(-46.5816507, -23.611491)"
5602731098,50,NA,"c(-46.5294421, -23.5701981)"
5602731104,50,NA,"c(-46.5297638, -23.5703669)"
5603006822,50,NA,"c(-46.7094754, -23.5016951)"
5603006833,50,NA,"c(-46.7064587, -23.5003563)"
5604504713,50,NA,"c(-46.6475298, -23.5470836)"
5612318804,50,NA,"c(-46.6899445, -23.5370777)"
5612319021,50,NA,"c(-46.6900814, -23.5374513)"
5612364636,40,NA,"c(-46.636698, -23.5660159)"
5615707883,50,NA,"c(-46.6910131, -23.5448845)"
5615716944,50,NA,"c(-46.6925524, -23.5452235)"
5615716945,50,NA,"c(-46.6931542, -23.5448406)"
5618302921,40,NA,"c(-46.6863719, -23.536286)"
5622547038,40,NA,"c(-46.6550153, -23.5643697)"
5625372619,60,NA,"c(-46.5619227, -23.6624631)"
5625372620,60,NA,"c(-46.561969, -23.6624084)"
5625838085,50,NA,"c(-46.6251005, -23.6285723)"
5629494785,50,NA,"c(-46.6383586, -23.6149123)"
5629494786,50,NA,"c(-46.6384141, -23.6145287)"
5630713832,50,NA,"c(-46.750563, -23.4906216)"
5630713833,40,NA,"c(-46.753113, -23.4906127)"
5632789789,40,NA,"c(-46.6649014, -23.5592734)"
5632789796,50,NA,"c(-46.6700827, -23.5595394)"
5632789797,50,NA,"c(-46.6702545, -23.559474)"
5632937732,40,NA,"c(-46.6681057, -23.5638881)"
5633337893,50,NA,"c(-46.6039141, -23.572325)"
5633337894,50,NA,"c(-46.599811, -23.5823746)"
5635581550,50,NA,"c(-46.660739, -23.5586327)"
5638403209,40,NA,"c(-46.6120948, -23.4758751)"
5638403212,50,NA,"c(-46.6170381, -23.4699693)"
5640712861,40,NA,"c(-46.8149817, -23.6523846)"
5644299033,40,NA,"c(-46.4450279, -23.5503592)"
5644299034,40,NA,"c(-46.4450886, -23.5500806)"
5644299063,50,NA,"c(-46.4471611, -23.5445468)"
5644935069,50,NA,"c(-46.5793621, -23.5991338)"
5644935072,60,NA,"c(-46.5771627, -23.600721)"
5644935073,50,NA,"c(-46.5978617, -23.5889255)"
5644935080,50,NA,"c(-46.5868034, -23.5807448)"
5649603937,40,NA,"c(-46.6684457, -23.5670341)"
5652194216,50,NA,"c(-46.6375888, -23.5561999)"
5652194217,50,NA,"c(-46.6375887, -23.5560682)"
5652194721,50,NA,"c(-46.6380228, -23.5525649)"
5658728231,60,NA,"c(-46.7840445, -23.5213563)"
5658728276,60,NA,"c(-46.78816, -23.5143504)"
5658728277,60,NA,"c(-46.7884215, -23.5142756)"
5676375979,40,NA,"c(-46.6962358, -23.5600356)"
5676375983,40,NA,"c(-46.6978933, -23.5653846)"
5678476989,60,NA,"c(-46.7735826, -23.5260116)"
5680121695,60,NA,"c(-46.7916392, -23.5270453)"
5680121713,60,NA,"c(-46.8018121, -23.5317768)"
5680526281,60,NA,"c(-46.8014862, -23.5255918)"
5680526287,60,NA,"c(-46.8027589, -23.5248685)"
5686358725,40,NA,"c(-46.8058489, -23.6205212)"
5688577021,50,NA,"c(-46.6688936, -23.5547685)"
5691291097,50,NA,"c(-46.6760872, -23.5542639)"
5691389319,50,NA,"c(-46.5398972, -23.5333816)"
5691703355,40,NA,"c(-46.6494496, -23.5647156)"
5693977760,50,NA,"c(-46.6733565, -23.479905)"
5695523822,60,NA,"c(-46.7772186, -23.523321)"
5697046473,40,NA,"c(-46.750655, -23.5080714)"
5697046474,40,NA,"c(-46.7507587, -23.508139)"
5697046503,50,NA,"c(-46.6854045, -23.4990387)"
5697046504,50,NA,"c(-46.6856474, -23.4987741)"
5699740036,40,NA,"c(-46.6377138, -23.501219)"
5709391276,50,NA,"c(-46.6766884, -23.5261354)"
5709391277,50,NA,"c(-46.6764215, -23.526045)"
5709391305,50,NA,"c(-46.6679901, -23.5296593)"
5709391306,50,NA,"c(-46.6677652, -23.5296552)"
5711434246,40,NA,"c(-46.6025712, -23.5344695)"
5711623854,40,NA,"c(-46.6419443, -23.5721341)"
5711623861,60,NA,"c(-46.6495336, -23.5809277)"
5711623862,60,NA,"c(-46.6494286, -23.5810531)"
5711623864,50,NA,"c(-46.6527079, -23.5830797)"
5715642366,50,NA,"c(-46.5672861, -23.4574597)"
5726879734,50,NA,"c(-46.5197844, -23.5146355)"
5728753671,40,NA,"c(-46.5816416, -23.5719996)"
5728753692,50,NA,"c(-46.6028545, -23.5530205)"
5732313327,60,50,"c(-46.7471144, -23.5189893)"
5734782570,50,NA,"c(-46.5063594, -23.520605)"
5737400361,50,NA,"c(-46.523521, -23.5184359)"
5737400367,50,NA,"c(-46.5257173, -23.5214674)"
5737400384,50,NA,"c(-46.5079432, -23.510671)"
5742226331,40,NA,"c(-46.6242115, -23.6182329)"
5742226332,40,NA,"c(-46.624517, -23.6181314)"
5745400782,40,NA,"c(-46.6416527, -23.4982137)"
5746147288,50,NA,"c(-46.7325059, -23.4128006)"
5747600033,60,NA,"c(-46.5371448, -23.6325687)"
5747964966,60,NA,"c(-46.5378955, -23.6317285)"
5748135384,50,NA,"c(-46.6805041, -23.5544831)"
5748135394,50,NA,"c(-46.6818305, -23.5556963)"
5749575339,50,NA,"c(-46.6522089, -23.5357597)"
5749575340,50,NA,"c(-46.6585439, -23.5320153)"
5752607368,50,NA,"c(-46.5936895, -23.6064751)"
5752607370,50,NA,"c(-46.5974465, -23.5986017)"
5758906131,40,NA,"c(-46.5010984, -23.5274897)"
5758906205,50,NA,"c(-46.4936851, -23.5355824)"
5759297634,50,NA,"c(-46.6241427, -23.579245)"
5759297640,50,NA,"c(-46.6253319, -23.5775544)"
5762422578,50,NA,"c(-46.6401416, -23.6223789)"
5768473764,50,NA,"c(-46.5268405, -23.5219756)"
5773633914,50,NA,"c(-46.5841142, -23.5933072)"
5773633915,50,NA,"c(-46.6059722, -23.6075697)"
5773633916,50,NA,"c(-46.6057887, -23.6077112)"
5773633926,50,NA,"c(-46.6255054, -23.6284776)"
5773633935,50,NA,"c(-46.6288399, -23.6254836)"
5773633936,50,NA,"c(-46.6292616, -23.6259169)"
5775565906,50,NA,"c(-46.5234756, -23.5059785)"
5779561889,50,NA,"c(-46.6680886, -23.5218285)"
5779561892,50,NA,"c(-46.667304, -23.5195462)"
5780106541,50,NA,"c(-46.6878066, -23.5156348)"
5780106542,50,NA,"c(-46.6873965, -23.5159174)"
5780106543,50,NA,"c(-46.6947526, -23.5152486)"
5780106544,50,NA,"c(-46.6955535, -23.5153984)"
5792182453,50,NA,"c(-46.6584273, -23.6003646)"
5792182454,50,NA,"c(-46.6582436, -23.6006683)"
5804445121,40,NA,"c(-46.5997429, -23.5468883)"
5809659851,60,NA,"c(-46.7728302, -23.5334344)"
5809668074,60,NA,"c(-46.7738848, -23.525935)"
5811538384,50,NA,"c(-46.6455728, -23.6104627)"
5811544310,60,NA,"c(-46.6508957, -23.5973923)"
5813175256,50,NA,"c(-46.6520939, -23.6094084)"
5813175257,50,NA,"c(-46.6521519, -23.6089946)"
5813175262,40,NA,"c(-46.6439645, -23.6039769)"
5813175263,50,NA,"c(-46.6471554, -23.6210236)"
5813175264,50,NA,"c(-46.6472484, -23.6211009)"
5816753547,50,NA,"c(-46.6858261, -23.5991095)"
5816753548,50,NA,"c(-46.6855115, -23.599401)"
5816753549,50,NA,"c(-46.68603, -23.5994538)"
5816753552,50,NA,"c(-46.6672001, -23.609017)"
5816753953,50,NA,"c(-46.67538, -23.6098366)"
5816753954,50,NA,"c(-46.6757011, -23.6096541)"
5816753955,50,NA,"c(-46.6604924, -23.6018702)"
5816753956,50,NA,"c(-46.6608986, -23.6020743)"
5823867857,80,60,"c(-46.5647966, -23.3847156)"
5824126282,80,60,"c(-46.5540981, -23.3688356)"
5879323166,50,NA,"c(-46.5790902, -23.5495583)"
5879323167,50,NA,"c(-46.5790286, -23.5491618)"
5879323168,50,NA,"c(-46.578647, -23.5496776)"
5879323169,50,NA,"c(-46.5784673, -23.5496155)"
5885883962,50,NA,"c(-46.5729801, -23.5715034)"
5885883963,50,NA,"c(-46.5736574, -23.5700018)"
5885883983,50,NA,"c(-46.5721469, -23.5791812)"
5885883984,50,NA,"c(-46.5720655, -23.579193)"
5885884185,50,NA,"c(-46.5720837, -23.5797717)"
5891912020,50,NA,"c(-46.5788089, -23.5580919)"
5891912021,40,NA,"c(-46.5810993, -23.5494643)"
5891912023,50,NA,"c(-46.5777503, -23.5842666)"
5891929644,50,NA,"c(-46.6097789, -23.5961532)"
5891929652,50,NA,"c(-46.6105732, -23.5892587)"
5895192642,40,NA,"c(-46.6123737, -23.7457851)"
5895192643,40,NA,"c(-46.61265, -23.7460171)"
5904128070,40,NA,"c(-46.7506988, -23.5459051)"
5908800467,60,NA,"c(-46.699943, -23.5725309)"
5908800468,60,50,"c(-46.7000614, -23.5722912)"
5908805478,90,60,"c(-46.6990365, -23.5749808)"
5908805479,70,60,"c(-46.6943528, -23.5935135)"
5916119658,50,NA,"c(-46.6870983, -23.5608957)"
5930293526,40,NA,"c(-46.5708715, -23.6002274)"
5930293531,40,NA,"c(-46.5722825, -23.5905028)"
5930293534,50,NA,"c(-46.575821, -23.5839123)"
5932475530,40,NA,"c(-46.6634819, -23.5416518)"
5932475548,40,NA,"c(-46.6649504, -23.5334742)"
5932475558,50,NA,"c(-46.6627951, -23.5354938)"
5932475559,50,NA,"c(-46.6619537, -23.534141)"
5976329606,40,NA,"c(-46.4826469, -23.5391742)"
5976329607,40,NA,"c(-46.4827628, -23.5393063)"
5976329613,50,NA,"c(-46.4814351, -23.5417323)"
5976329619,50,NA,"c(-46.4704499, -23.543498)"
5978934113,40,NA,"c(-46.6448405, -23.5753726)"
5981286062,40,NA,"c(-46.5345344, -23.5868024)"
5981286068,50,NA,"c(-46.534862, -23.5835806)"
5981286075,40,NA,"c(-46.5163719, -23.5871647)"
5981286076,40,NA,"c(-46.5163822, -23.5872313)"
5983831965,50,NA,"c(-46.6466335, -23.4871912)"
5983831976,50,NA,"c(-46.662026, -23.495915)"
5989754631,50,NA,"c(-46.6353422, -23.58654)"
5991129552,60,50,"c(-46.6051452, -23.5235673)"
5991359214,50,NA,"c(-46.6345482, -23.5877173)"
5996511290,60,NA,"c(-46.5839209, -23.6385952)"
5996515022,50,NA,"c(-46.579528, -23.6340696)"
5998233400,40,NA,"c(-46.7555017, -23.4066158)"
5998233401,40,NA,"c(-46.7554188, -23.406292)"
5998463212,50,NA,"c(-46.6757543, -23.5708434)"
6000984161,50,NA,"c(-46.6583853, -23.5813698)"
6000984162,50,NA,"c(-46.6619129, -23.5803183)"
6000984163,50,NA,"c(-46.6619913, -23.5801458)"
6000984164,50,NA,"c(-46.6625556, -23.578187)"
6000984165,50,NA,"c(-46.6626728, -23.5782686)"
6000984167,50,NA,"c(-46.6679598, -23.5746736)"
6000984168,50,NA,"c(-46.6684532, -23.5748805)"
6017776055,50,NA,"c(-46.6338711, -23.6266446)"
6017776057,50,NA,"c(-46.6410045, -23.6293112)"
6017776064,40,NA,"c(-46.6783146, -23.5838028)"
6018574854,60,50,"c(-46.696697, -23.5748305)"
6019936495,40,NA,"c(-46.6424976, -23.4603578)"
6019936497,40,NA,"c(-46.6431857, -23.4602999)"
6024981524,50,NA,"c(-46.5246776, -23.500037)"
6025576223,40,NA,"c(-46.5238804, -23.6311404)"
6044950785,70,NA,"c(-46.6315781, -23.6466251)"
6044950786,70,NA,"c(-46.6321405, -23.6473569)"
6046836274,110,90,"c(-46.6329048, -23.6644519)"
6051800666,40,NA,"c(-46.5238965, -23.6311055)"
6054964080,40,NA,"c(-46.6426535, -23.6495368)"
6060952787,50,NA,"c(-46.4462982, -23.4590171)"
6060952791,50,NA,"c(-46.4386267, -23.459318)"
6060952798,110,90,"c(-46.4213803, -23.4681425)"
6068302881,40,NA,"c(-46.6168568, -23.5800308)"
6068302882,40,NA,"c(-46.6168188, -23.5799897)"
6069092143,40,NA,"c(-46.5412253, -23.597339)"
6072063688,60,NA,"c(-46.7886579, -23.5064604)"
6077711552,40,NA,"c(-46.5237861, -23.7775152)"
6077724908,40,NA,"c(-46.5237749, -23.7775862)"
6082927768,40,NA,"c(-46.6621289, -23.4793426)"
6088470325,50,NA,"c(-46.5177805, -23.7039461)"
6091177318,50,NA,"c(-46.6540361, -23.5590876)"
6091177321,50,NA,"c(-46.6591049, -23.5672364)"
6091181457,50,NA,"c(-46.6611981, -23.5692068)"
6091197984,50,NA,"c(-46.6729989, -23.5951376)"
6106617108,40,NA,"c(-46.6135355, -23.5840823)"
6111943985,50,NA,"c(-46.6885984, -23.6282224)"
6111952099,50,NA,"c(-46.6511099, -23.5979822)"
6125846442,40,NA,"c(-46.7336973, -23.5280087)"
6125846450,50,NA,"c(-46.7253108, -23.5434695)"
6125846454,50,NA,"c(-46.7266761, -23.5429273)"
6130372775,40,NA,"c(-46.6594278, -23.6055232)"
6135794535,50,NA,"c(-46.6734021, -23.553111)"
6137926342,40,NA,"c(-46.65085, -23.4619438)"
6138118158,50,NA,"c(-46.5466516, -23.509423)"
6138118168,50,NA,"c(-46.5496285, -23.5092587)"
6150618679,90,NA,"c(-46.4311845, -23.4373301)"
6150618680,110,90,"c(-46.4312522, -23.4372338)"
6152675831,NA,NA,"c(-46.5528452, -23.7127818)"
6152688944,60,NA,"c(-46.5486051, -23.7278712)"
6153207468,60,NA,"c(-46.655049, -23.610185)"
6153207479,50,NA,"c(-46.654247, -23.6091012)"
6153207481,60,NA,"c(-46.6513181, -23.6034139)"
6198243943,50,NA,"c(-46.5464325, -23.4666017)"
6198243947,50,NA,"c(-46.5467219, -23.4660928)"
6204168774,60,NA,"c(-46.7694811, -23.540163)"
6204168775,60,NA,"c(-46.7692918, -23.5400592)"
6204168776,60,NA,"c(-46.7658933, -23.5424509)"
6204168777,60,NA,"c(-46.765686, -23.5424898)"
6204169096,60,NA,"c(-46.7610499, -23.5478777)"
6204169109,50,NA,"c(-46.7416654, -23.552587)"
6204169113,50,NA,"c(-46.7410518, -23.5517974)"
6205317430,50,NA,"c(-46.7119645, -23.5616182)"
6205317437,50,NA,"c(-46.7098484, -23.5664371)"
6205317438,50,NA,"c(-46.7097914, -23.5666936)"
6208507898,50,NA,"c(-46.4747859, -23.5184698)"
6208507928,50,NA,"c(-46.4799222, -23.5175394)"
6221835698,40,NA,"c(-46.4794783, -23.4879627)"
6222696364,40,NA,"c(-46.646143, -23.4829984)"
6222696365,40,NA,"c(-46.6459058, -23.4830775)"
6222696377,40,NA,"c(-46.6498285, -23.4800373)"
6222696378,50,NA,"c(-46.6668284, -23.5029989)"
6222770182,60,NA,"c(-46.8119106, -23.5245842)"
6227077508,50,NA,"c(-46.717285, -23.4895848)"
6231051785,50,NA,"c(-46.518624, -23.4710207)"
6231051788,50,NA,"c(-46.518593, -23.4711933)"
6232830456,60,NA,"c(-46.520248, -23.4695143)"
6232830457,60,NA,"c(-46.5206501, -23.4693059)"
6240310635,40,NA,"c(-46.5796123, -23.7344739)"
6270181666,40,NA,"c(-46.7659162, -23.6032754)"
6270181667,40,NA,"c(-46.7658552, -23.603266)"
6277078560,50,NA,"c(-46.5475719, -23.7291512)"
6277078562,60,NA,"c(-46.5476926, -23.7291509)"
6355846716,40,NA,"c(-46.5463279, -23.6889988)"
6362979231,40,NA,"c(-46.6342797, -23.5549658)"
6373247738,40,NA,"c(-46.5679755, -23.6936392)"
6373247739,40,NA,"c(-46.5680086, -23.6934836)"
6373269951,40,NA,"c(-46.5733714, -23.7174273)"
6398982531,80,NA,"c(-46.4229192, -24.0031493)"
6501241747,50,NA,"c(-46.5679865, -23.6684428)"
6504828185,50,NA,"c(-46.6812242, -23.5907355)"
6504828188,50,NA,"c(-46.6806041, -23.5903834)"
6504828189,50,NA,"c(-46.6812476, -23.5903793)"
6504828191,40,NA,"c(-46.6734148, -23.584257)"
6534924921,50,NA,"c(-46.6982139, -23.5704651)"
6535889261,50,NA,"c(-46.6952794, -23.5675979)"
6561735251,80,NA,"c(-46.5008673, -23.8840379)"
6579318893,50,NA,"c(-46.5678231, -23.6684878)"
6581936308,60,NA,"c(-46.7895805, -23.5314909)"
6581936311,60,NA,"c(-46.7880977, -23.5369669)"
6668847999,30,NA,"c(-46.5819099, -23.6451092)"
6668848000,30,NA,"c(-46.5817316, -23.6452174)"
6688373452,40,NA,"c(-46.5111733, -23.46015)"
6740090083,50,NA,"c(-46.7326277, -23.5083302)"
6744075978,40,NA,"c(-46.5112587, -23.4601321)"
6746807480,40,NA,"c(-46.6752133, -23.5507518)"
6755956235,40,NA,"c(-46.5402197, -23.5222723)"
6777873361,30,NA,"c(-46.715478, -23.6563367)"
6781668570,60,NA,"c(-46.5162049, -23.6520401)"
6797097737,60,50,"c(-46.5956426, -23.5266483)"
6852784317,60,NA,"c(-46.5486794, -23.6527072)"
6881496898,40,NA,"c(-46.5499388, -23.7061024)"
6881496899,40,NA,"c(-46.5493866, -23.7062364)"
7012344426,50,NA,"c(-46.4064532, -23.427949)"
7017272756,40,NA,"c(-46.6400101, -23.5424834)"
7022891500,40,NA,"c(-46.555655, -23.723673)"
7026752774,80,NA,"c(-46.4743119, -23.8990854)"
7061568638,50,NA,"c(-46.5616432, -23.5822615)"
7061568639,50,NA,"c(-46.5618977, -23.5820638)"
7089907806,50,NA,"c(-46.5920858, -23.5873219)"
7089917268,40,NA,"c(-46.407637, -23.4244662)"
7095363101,70,NA,"c(-46.4724778, -23.6907195)"
7151968664,100,NA,"c(-46.8108237, -23.4922418)"
7155154396,40,NA,"c(-46.7019038, -23.5239341)"
7229127559,100,NA,"c(-46.7690529, -23.4393127)"
7229127560,100,NA,"c(-46.5228304, -23.9166392)"
7279786301,40,NA,"c(-46.5100281, -23.457506)"
7279786304,40,NA,"c(-46.509812, -23.4571994)"
7283194937,50,NA,"c(-46.7215846, -23.4491473)"
7283194938,50,NA,"c(-46.7215088, -23.4491208)"
7283194959,50,NA,"c(-46.7213616, -23.4394758)"
7283194960,50,NA,"c(-46.7212812, -23.4394624)"
7283570104,50,NA,"c(-46.723149, -23.4846141)"
7283570105,50,NA,"c(-46.7230373, -23.4847227)"
7284655923,40,NA,"c(-46.5804957, -23.5081865)"
7285717254,60,NA,"c(-46.4936624, -23.4498895)"
7285717255,60,NA,"c(-46.4933346, -23.4513336)"
7285717256,60,NA,"c(-46.4948761, -23.4358207)"
7285717257,60,NA,"c(-46.4956719, -23.4360458)"
7299405202,50,NA,"c(-46.4942863, -23.5141146)"
7301746574,50,NA,"c(-46.6421329, -23.676056)"
7309700527,40,NA,"c(-46.6426352, -23.6495829)"
7618593473,50,NA,"c(-46.6907701, -23.7442277)"
7667215388,50,NA,"c(-46.4672942, -23.5402891)"
7667215389,50,NA,"c(-46.4674937, -23.5402986)"
7667215409,50,NA,"c(-46.4561985, -23.5380415)"
7667215412,50,NA,"c(-46.4479813, -23.5303707)"
7667215413,50,NA,"c(-46.4480821, -23.5303095)"
7667215416,50,NA,"c(-46.4355434, -23.52524)"
7667215417,50,NA,"c(-46.4353835, -23.5249134)"
7667215418,40,NA,"c(-46.4186069, -23.5421325)"
7667248172,50,NA,"c(-46.4584725, -23.5022482)"
7667248173,50,NA,"c(-46.4585997, -23.502463)"
7667248174,50,NA,"c(-46.4528347, -23.4863627)"
7667248175,50,NA,"c(-46.4530205, -23.4865977)"
7708851440,50,NA,"c(-46.5604603, -23.7190674)"
7721864516,50,NA,"c(-46.5518289, -23.7171096)"
7735117483,40,NA,"c(-46.7525744, -23.5004594)"
7735117484,40,NA,"c(-46.5924957, -23.5370333)"
7735132585,40,NA,"c(-46.5933695, -23.537118)"
7778065336,50,NA,"c(-46.6808239, -23.5496981)"
7790801414,50,NA,"c(-46.571043, -23.750731)"
7807286516,40,NA,"c(-46.6055016, -23.6152968)"
7807718596,60,NA,"c(-46.5793196, -23.6068965)"
7858591048,50,NA,"c(-46.6461682, -23.4871952)"
7859505177,40,NA,"c(-46.684119, -23.4613124)"
7859539935,40,NA,"c(-46.6002079, -23.4569965)"
7859539936,40,NA,"c(-46.6005528, -23.4569619)"
7859595188,40,NA,"c(-46.6322926, -23.4803157)"
7859595199,40,NA,"c(-46.6321083, -23.4805667)"
7865556282,50,NA,"c(-46.5571926, -23.4303764)"
7865588187,50,NA,"c(-46.5569662, -23.4302232)"
7899921145,50,NA,"c(-46.7102475, -23.6458209)"
7899921159,50,NA,"c(-46.7104447, -23.6458676)"
7902683471,50,NA,"c(-46.5374163, -23.4582194)"
7902683488,50,NA,"c(-46.5484725, -23.4489796)"
7928384768,50,NA,"c(-46.6811751, -23.5804212)"
7928384772,50,NA,"c(-46.6934309, -23.5867379)"
7928384773,50,NA,"c(-46.693497, -23.5866059)"
7928398402,50,NA,"c(-46.7136715, -23.5964015)"
7928398403,50,NA,"c(-46.7157868, -23.5952234)"
7928398423,50,NA,"c(-46.7241925, -23.5867384)"
7928398426,50,NA,"c(-46.7144543, -23.5830987)"
7928398427,50,NA,"c(-46.7137103, -23.5826358)"
7931940544,60,NA,"c(-46.7423697, -23.5400559)"
7931940545,90,NA,"c(-46.7425615, -23.5396034)"
7931940546,50,NA,"c(-46.7344862, -23.5894154)"
7931940547,50,NA,"c(-46.7357123, -23.5900697)"
7987391436,60,NA,"c(-46.6402687, -23.5622096)"
7987690003,50,NA,"c(-46.6458638, -23.5608776)"
8002123170,40,NA,"c(-46.7751737, -23.4731149)"
8025431309,60,NA,"c(-46.5472013, -23.68478)"
8025510372,60,NA,"c(-46.5470979, -23.6843958)"
8026545096,50,NA,"c(-46.63096, -23.5263531)"
8078501978,60,NA,"c(-46.7493584, -23.3739249)"
8091686733,50,NA,"c(-46.4569471, -23.5289864)"
8091686734,50,NA,"c(-46.4567956, -23.5230193)"
8091686735,100,80,"c(-46.4959685, -23.4735065)"
8091686739,50,NA,"c(-46.5035595, -23.4661154)"
8091686740,50,NA,"c(-46.5036793, -23.4659967)"
8121021024,40,NA,"c(-46.4594751, -23.5335575)"
8121021026,40,NA,"c(-46.459641, -23.5335511)"
8121021027,40,NA,"c(-46.425887, -23.5496264)"
8241607083,50,NA,"c(-46.5161849, -23.468531)"
8241607097,50,NA,"c(-46.4943421, -23.4587666)"
8241607099,50,NA,"c(-46.494172, -23.4582596)"
8280949075,30,NA,"c(-46.5242621, -23.7236188)"
8281411889,90,NA,"c(-46.3781437, -23.4179214)"
8544331897,50,NA,"c(-46.519506, -23.560441)"
8544331898,50,NA,"c(-46.5194519, -23.5603898)"
8544383509,50,NA,"c(-46.515285, -23.5579031)"
8544653389,50,NA,"c(-46.525173, -23.5491138)"
8544653390,50,NA,"c(-46.525053, -23.5490552)"
8603525828,40,NA,"c(-46.5536286, -23.6691851)"
8604074032,NA,NA,"c(-46.6001605, -23.6856156)"
8604100886,NA,NA,"c(-46.5876152, -23.6916013)"
8604105476,40,NA,"c(-46.5957732, -23.7081577)"
8604106060,40,NA,"c(-46.5901201, -23.6996382)"
8604106129,40,NA,"c(-46.5902576, -23.7000059)"
8637985535,40,NA,"c(-46.5850095, -23.5813562)"
8662849871,50,NA,"c(-46.4273036, -23.6677999)"
8665944797,40,NA,"c(-46.5960138, -23.7083288)"
8672599681,50,NA,"c(-46.7500418, -23.6450361)"
8685874031,40,NA,"c(-46.5671088, -23.4804799)"
8694422755,40,NA,"c(-46.5796897, -23.4836147)"
8694799673,40,NA,"c(-46.592739, -23.4816162)"
8695218872,40,NA,"c(-46.5996955, -23.464832)"
8703365037,40,NA,"c(-46.6498664, -23.4800651)"
8743845998,40,NA,"c(-46.6611586, -23.5941159)"
8743845999,40,NA,"c(-46.6611746, -23.5940754)"
8753922397,50,NA,"c(-46.4380935, -23.6653098)"
8790177690,50,NA,"c(-46.4403151, -23.6656805)"
8960811148,40,NA,"c(-46.7892771, -23.7538081)"
8960811149,40,NA,"c(-46.789416, -23.7536509)"
9017745767,50,NA,"c(-46.5343739, -23.5500382)"
9017745768,50,NA,"c(-46.5340879, -23.5500853)"
9017745769,50,NA,"c(-46.5256655, -23.5477834)"
9017745770,50,NA,"c(-46.5257635, -23.5478643)"
9017745771,50,NA,"c(-46.5307053, -23.5439043)"
9017745772,50,NA,"c(-46.5306549, -23.5437981)"
9017745784,50,NA,"c(-46.5167843, -23.5553092)"
9017745785,50,NA,"c(-46.516885, -23.5553517)"
9017745786,50,NA,"c(-46.5085937, -23.5631832)"
9017745792,40,NA,"c(-46.4997505, -23.5726223)"
9017745793,40,NA,"c(-46.4997637, -23.5726786)"
9017745794,50,NA,"c(-46.497081, -23.5789791)"
9017745800,50,NA,"c(-46.4926573, -23.5799094)"
9017745807,50,NA,"c(-46.4713338, -23.5925567)"
9017745808,50,NA,"c(-46.4711511, -23.5930273)"
9021000557,40,NA,"c(-46.5306303, -23.5972853)"
9021000558,40,NA,"c(-46.5306838, -23.59735)"
9021000559,50,NA,"c(-46.5292109, -23.5995031)"
9021000560,50,NA,"c(-46.5305023, -23.5993527)"
9021000561,50,NA,"c(-46.5227349, -23.6177073)"
9021000562,50,NA,"c(-46.5233099, -23.6205702)"
9023497294,50,NA,"c(-46.4657183, -23.6220152)"
9023497295,50,NA,"c(-46.449, -23.6210423)"
9023497296,50,NA,"c(-46.4505455, -23.6251787)"
9023497297,50,NA,"c(-46.4709153, -23.6143857)"
9023497298,50,NA,"c(-46.4732198, -23.612322)"
9105546313,40,NA,"c(-46.7130641, -23.4421565)"
9105546314,40,NA,"c(-46.7131242, -23.4421214)"
9105583307,40,NA,"c(-46.7026841, -23.4481052)"
9111937702,40,NA,"c(-46.5215835, -23.7073779)"
9159463045,50,NA,"c(-46.5294816, -23.476171)"
9172085694,50,NA,"c(-46.6487693, -23.5545829)"
9178947326,50,NA,"c(-46.4911076, -23.6128978)"
9178947333,60,NA,"c(-46.4843517, -23.6269934)"
9178947334,50,NA,"c(-46.4860899, -23.6245303)"
9178947335,50,NA,"c(-46.4870842, -23.6247716)"
9178947338,50,NA,"c(-46.5012081, -23.6258159)"
9178947339,50,NA,"c(-46.5014091, -23.6260672)"
9187608228,50,NA,"c(-46.4827573, -23.6022544)"
9187608229,50,NA,"c(-46.4825208, -23.602689)"
9190406141,30,NA,"c(-46.5219711, -23.6902671)"
9197862096,50,NA,"c(-46.6916631, -23.5249746)"
9197862097,50,NA,"c(-46.6982573, -23.5249342)"
9201200783,40,NA,"c(-46.7177987, -23.5358318)"
9201200784,50,NA,"c(-46.7224592, -23.5372192)"
9201200785,50,NA,"c(-46.7224405, -23.537102)"
9201200787,40,NA,"c(-46.7085893, -23.5380636)"
9202640174,40,NA,"c(-46.6974915, -23.5389402)"
9202640175,50,NA,"c(-46.7147828, -23.5486237)"
9268895687,30,NA,"c(-46.5218705, -23.6903576)"
9270377483,NA,NA,"c(-46.6505194, -23.5978194)"
9278046496,50,NA,"c(-46.7171503, -23.6011778)"
9278046507,50,NA,"c(-46.7124297, -23.6043783)"
9278046509,50,NA,"c(-46.7258308, -23.6083204)"
9278046510,50,NA,"c(-46.7258714, -23.6082976)"
9278125322,40,NA,"c(-46.7408014, -23.6166997)"
9278125323,50,NA,"c(-46.7373585, -23.6242461)"
9278125332,60,NA,"c(-46.7203851, -23.6371559)"
9278125333,90,60,"c(-46.7213263, -23.6378368)"
9278125362,50,NA,"c(-46.6971608, -23.6223742)"
9278125363,50,NA,"c(-46.6972949, -23.6224668)"
9288086275,40,NA,"c(-46.5078547, -23.5974947)"
9288086277,40,NA,"c(-46.541282, -23.5973791)"
9288086278,40,NA,"c(-46.5532759, -23.5984475)"
9288086279,40,NA,"c(-46.6673756, -23.5061846)"
9288086280,40,NA,"c(-46.6437862, -23.468518)"
9288086281,50,NA,"c(-46.6541355, -23.4625719)"
9288086282,50,NA,"c(-46.6657671, -23.4651078)"
9288086283,50,NA,"c(-46.6657229, -23.465214)"
9290590282,50,NA,"c(-46.7481812, -23.5581386)"
9290632915,50,NA,"c(-46.7573367, -23.5680727)"
9290665117,50,NA,"c(-46.7655579, -23.5751845)"
9290665120,90,80,"c(-46.7690314, -23.5837453)"
9290665121,90,80,"c(-46.7789258, -23.583599)"
9290665123,50,NA,"c(-46.7548559, -23.5650031)"
9290665124,50,NA,"c(-46.7322875, -23.5436691)"
9290665125,50,NA,"c(-46.7322696, -23.5434433)"
9290665126,90,NA,"c(-46.7460856, -23.5346453)"
9301153937,50,NA,"c(-46.6647563, -23.5946894)"
9301153939,50,NA,"c(-46.6755538, -23.5977878)"
9301153940,50,NA,"c(-46.6782107, -23.5976204)"
9301153941,50,NA,"c(-46.6800066, -23.5957894)"
9301153951,60,NA,"c(-46.6906232, -23.5863825)"
9337895493,50,NA,"c(-46.5546249, -23.6813851)"
9337895494,50,NA,"c(-46.554743, -23.6812501)"
9337895501,40,NA,"c(-46.5453403, -23.6856162)"
9337895502,50,NA,"c(-46.5509824, -23.6888591)"
9337895503,50,NA,"c(-46.5511673, -23.6889346)"
9337895507,40,NA,"c(-46.5465365, -23.6894348)"
9367378002,60,NA,"c(-46.4696383, -23.6778734)"
9376593168,50,NA,"c(-46.7078479, -23.4795628)"
9376593169,50,NA,"c(-46.7076919, -23.4794784)"
9376623864,50,NA,"c(-46.7099138, -23.4909573)"
9376623865,50,NA,"c(-46.708101, -23.495898)"
9384109373,40,NA,"c(-46.5034291, -23.6215015)"
9384109374,40,NA,"c(-46.5034711, -23.6214792)"
9384109394,50,NA,"c(-46.5044807, -23.5724356)"
9423441873,40,NA,"c(-46.709626, -23.5192453)"
9423441879,50,NA,"c(-46.7073836, -23.5246238)"
9423647979,50,NA,"c(-46.7230795, -23.5195654)"
9423647980,50,NA,"c(-46.7231311, -23.5196515)"
9423647981,50,NA,"c(-46.7387959, -23.5293429)"
9423647984,50,NA,"c(-46.7408466, -23.5222141)"
9423647985,50,NA,"c(-46.7324795, -23.5365288)"
9423647988,50,NA,"c(-46.7303341, -23.5384537)"
9455996768,40,NA,"c(-46.6056787, -23.6018783)"
9527374134,60,NA,"c(-46.7998637, -23.5583673)"
9536907740,50,NA,"c(-46.553462, -23.6692514)"
9568880879,30,NA,"c(-46.8251611, -23.4108711)"
9583297316,40,NA,"c(-46.6249282, -23.50396)"
9592286314,30,NA,"c(-46.8242536, -23.4118452)"
9607414553,50,NA,"c(-46.426614, -23.5131664)"
9607414560,50,NA,"c(-46.4259757, -23.513457)"
9641874431,40,NA,"c(-46.5689764, -23.7073615)"
9643789753,50,NA,"c(-46.7115707, -23.5423262)"
9643789754,50,NA,"c(-46.7116366, -23.542339)"
9643789783,40,NA,"c(-46.7103621, -23.548565)"
9657264260,40,NA,"c(-46.561213, -23.6904185)"
9704714306,50,NA,"c(-46.6565184, -23.6661532)"
9704714307,50,NA,"c(-46.6549809, -23.6666744)"
9704742473,50,NA,"c(-46.6639232, -23.6582864)"
9704746845,50,NA,"c(-46.6358571, -23.6585335)"
9704746846,50,NA,"c(-46.6360636, -23.6577911)"
9704773526,50,NA,"c(-46.6360211, -23.6685983)"
9735697216,NA,NA,"c(-46.52053, -23.7056017)"
9735757217,40,NA,"c(-46.5216344, -23.7072192)"
9753062245,50,NA,"c(-46.5301341, -23.7110249)"
9753062246,50,NA,"c(-46.5302888, -23.7109065)"
9753062257,50,NA,"c(-46.5331791, -23.7154579)"
9759495327,40,NA,"c(-46.5356334, -23.7067997)"
9773933425,NA,NA,"c(-46.5206027, -23.7057482)"
9776143599,50,NA,"c(-46.5540571, -23.5040955)"
9789081266,50,NA,"c(-46.5836985, -23.757299)"
9789081267,40,NA,"c(-46.577927, -23.7560181)"
9789081268,40,NA,"c(-46.5772171, -23.7556894)"
9789199619,NA,NA,"c(-46.5502132, -23.7229198)"
9789199666,50,NA,"c(-46.5479927, -23.7217377)"
9789263459,50,NA,"c(-46.533067, -23.7151523)"
9791423189,50,NA,"c(-46.5934935, -23.544606)"
9791426939,NA,NA,"c(-46.6024427, -23.5479559)"
9792677775,NA,NA,"c(-46.6706701, -23.5096502)"
9792695966,50,NA,"c(-46.6773924, -23.5646813)"
9807625559,NA,NA,"c(-46.5778413, -23.6979053)"
9906565241,40,NA,"c(-46.7496782, -23.5830219)"
9927093805,50,NA,"c(-46.4307441, -23.6655339)"
9932018953,50,NA,"c(-46.4243737, -23.6691553)"
9934507824,50,NA,"c(-46.5687795, -23.7115756)"
9934507825,50,NA,"c(-46.5684426, -23.7114298)"
9966842541,NA,NA,"c(-46.4441158, -23.5957721)"
9966867572,50,NA,"c(-46.4447876, -23.5977084)"
9982051261,50,NA,"c(-46.5071569, -23.6923762)"
9987830701,20,NA,"c(-46.6566494, -23.4297749)"
10005312979,60,NA,"c(-46.5796995, -23.6926153)"
10019267568,40,NA,"c(-46.7718469, -23.6186555)"
10027630450,60,NA,"c(-46.7009546, -23.6133433)"
10027630456,90,60,"c(-46.7015178, -23.6176722)"
10027630457,60,50,"c(-46.7056382, -23.6244689)"
10028611549,40,NA,"c(-46.4446243, -23.5977146)"
10029850550,50,NA,"c(-46.6939117, -23.6370933)"
10029850556,50,NA,"c(-46.6937333, -23.6370589)"
10032382257,50,NA,"c(-46.6079285, -23.6844812)"
10080850011,50,NA,"c(-46.5656486, -23.7111783)"
10104461084,50,NA,"c(-46.7378708, -23.6700416)"
10104461085,50,NA,"c(-46.7378197, -23.670161)"
10104461087,50,NA,"c(-46.6794201, -23.6614029)"
10104461089,50,NA,"c(-46.6875826, -23.6804649)"
10104461091,50,NA,"c(-46.6975273, -23.689569)"
10104461092,50,NA,"c(-46.7013996, -23.7014187)"
10104461093,50,NA,"c(-46.7014607, -23.7014074)"
10104461094,40,NA,"c(-46.7015523, -23.6933762)"
10104461095,40,NA,"c(-46.701603, -23.6933762)"
10104461096,50,NA,"c(-46.7068772, -23.678737)"
10104461097,50,NA,"c(-46.7068098, -23.6787099)"
10104461098,40,NA,"c(-46.7100553, -23.6722617)"
10104461099,40,NA,"c(-46.7101329, -23.6722877)"
10115584347,NA,NA,"c(-46.5738758, -23.7115955)"
10115584348,NA,NA,"c(-46.5740722, -23.71164)"
10128808342,40,NA,"c(-46.6574636, -23.605043)"
10131238782,40,NA,"c(-46.5694045, -23.7074048)"
10162645802,40,NA,"c(-46.4067783, -23.4275789)"
10181842538,40,NA,"c(-46.6681464, -23.6059785)"
10262646999,40,NA,"c(-46.6901882, -23.575946)"
10262647003,50,NA,"c(-46.6858692, -23.5787974)"
10262647005,40,NA,"c(-46.6822419, -23.5845564)"
10293632836,50,NA,"c(-46.6662939, -23.5818725)"
10295153312,50,NA,"c(-46.6541417, -23.5866047)"
10295153313,50,NA,"c(-46.6504599, -23.5961816)"
10295153314,50,NA,"c(-46.6169188, -23.6267048)"
10295153315,50,NA,"c(-46.6170321, -23.6264698)"
10300475966,50,NA,"c(-46.5455848, -23.470081)"
10300475967,50,NA,"c(-46.5459018, -23.4709629)"
10305178728,40,NA,"c(-46.4498339, -23.5564297)"
10305178749,50,NA,"c(-46.445846, -23.5616351)"
10305178750,50,NA,"c(-46.445983, -23.5613194)"
10305178752,40,NA,"c(-46.4625487, -23.5678454)"
10305178753,40,NA,"c(-46.4625408, -23.5679567)"
10543504391,40,NA,"c(-46.5689631, -23.7310959)"
10543504396,40,NA,"c(-46.5687822, -23.7308903)"
10568076510,40,NA,"c(-46.5986412, -23.4995423)"
10580552387,50,NA,"c(-46.4870414, -23.5800867)"
10580552388,50,NA,"c(-46.4870578, -23.5802136)"
10586779328,40,NA,"c(-46.4374951, -23.4949849)"
10586779347,40,NA,"c(-46.4172785, -23.4938376)"
10586812909,50,NA,"c(-46.4140655, -23.4946451)"
10597293236,60,NA,"c(-46.5815649, -23.6725531)"
10597293240,NA,NA,"c(-46.5814613, -23.6726975)"
10615745461,60,NA,"c(-46.4488986, -23.6922196)"
10616113762,60,NA,"c(-46.4521216, -23.6876332)"
10658069397,40,NA,"c(-46.4480695, -23.5327043)"
10674288544,90,NA,"c(-46.498933, -23.465052)"
10678377755,50,NA,"c(-46.5174726, -23.4527887)"
10678501027,50,NA,"c(-46.5302897, -23.465361)"
10678501029,50,NA,"c(-46.5351314, -23.4664427)"
10678939092,50,NA,"c(-46.5293817, -23.476128)"
10679180417,40,NA,"c(-46.5408528, -23.5725845)"
10683759755,50,NA,"c(-46.6826391, -23.5497206)"
10683759758,40,NA,"c(-46.7676926, -23.6111586)"
10695734092,40,NA,"c(-46.4169064, -23.5360218)"
10695734093,40,NA,"c(-46.4034586, -23.5362798)"
10722440392,50,NA,"c(-46.6713518, -23.4776049)"
10722507588,50,NA,"c(-46.6810808, -23.4859219)"
10722507590,50,NA,"c(-46.6813841, -23.4857603)"
10722507598,40,NA,"c(-46.7069037, -23.5430146)"
10722507600,50,NA,"c(-46.7190343, -23.5420579)"
10722507601,50,NA,"c(-46.7192315, -23.5416374)"
10736131048,50,NA,"c(-46.7535833, -23.4753453)"
10736131049,50,NA,"c(-46.7543124, -23.4745261)"
10741200836,50,NA,"c(-46.627308, -23.6850672)"
10741222293,50,NA,"c(-46.632777, -23.6841911)"
10741314980,50,NA,"c(-46.6173575, -23.6853762)"
10742065089,60,NA,"c(-46.5894724, -23.6767705)"
10776166172,40,NA,"c(-46.4906265, -23.5514323)"
10780580785,50,NA,"c(-46.5183501, -23.5304311)"
10780580786,50,NA,"c(-46.5204949, -23.5312452)"
10788216691,50,NA,"c(-46.4613079, -23.5983796)"
10788216692,50,NA,"c(-46.4609428, -23.5985456)"
10788216695,50,NA,"c(-46.4682882, -23.5986481)"
10788273183,50,NA,"c(-46.4915139, -23.582237)"
10790331078,60,NA,"c(-46.5639025, -23.6163758)"
10790331079,60,NA,"c(-46.5639132, -23.6165046)"
10790331081,60,NA,"c(-46.5578199, -23.6164672)"
10790331082,60,NA,"c(-46.5569692, -23.6166199)"
10790331092,50,NA,"c(-46.5535221, -23.619943)"
10795513884,40,NA,"c(-46.7683683, -23.5561029)"
10798569760,40,NA,"c(-46.700769, -23.5280066)"
10798608293,40,NA,"c(-46.6915938, -23.5281708)"
10798608297,50,NA,"c(-46.6767483, -23.5469229)"
10798608299,50,NA,"c(-46.6769836, -23.5471049)"
10825327439,60,NA,"c(-46.7688251, -23.5344266)"
10825327440,60,NA,"c(-46.7687603, -23.5342929)"
10854026615,50,NA,"c(-46.6193293, -23.6253313)"
10854026616,40,NA,"c(-46.6192992, -23.6258844)"
10862641884,40,NA,"c(-46.3833567, -23.554741)"
10862684632,NA,NA,"c(-46.3861819, -23.5370235)"
10862684633,40,NA,"c(-46.3829236, -23.5460514)"
10862684683,40,NA,"c(-46.3786097, -23.5496943)"
10862708132,40,NA,"c(-46.3887525, -23.5560878)"
10862708136,40,NA,"c(-46.3890298, -23.55615)"
10906017272,50,NA,"c(-46.6426369, -23.54774)"
10906017280,40,NA,"c(-46.6324141, -23.5406326)"
10908424651,50,NA,"c(-46.475871, -23.519104)"
10908424652,50,NA,"c(-46.4765886, -23.5156192)"
10908424661,40,NA,"c(-46.4741981, -23.5281957)"
10908424662,40,NA,"c(-46.4743439, -23.5281783)"
10908424670,50,NA,"c(-46.4983142, -23.5149493)"
10908424677,50,NA,"c(-46.5044191, -23.5103866)"
10908431959,40,NA,"c(-46.5070341, -23.4963713)"
10938419550,40,NA,"c(-46.4956843, -23.730785)"
10940950025,40,NA,"c(-46.5593869, -23.6031975)"
10944726975,50,NA,"c(-46.7099094, -23.7125449)"
10944726976,50,NA,"c(-46.710067, -23.7126735)"
10944726977,50,NA,"c(-46.7150356, -23.6960259)"
10944726978,50,NA,"c(-46.7148419, -23.6961721)"
10945241291,40,NA,"c(-46.7591997, -23.622137)"
10945241292,40,NA,"c(-46.7592012, -23.6222091)"
10946870136,50,NA,"c(-46.7705481, -23.6304373)"
10946870137,50,NA,"c(-46.7703743, -23.6303655)"
10947471317,50,NA,"c(-46.7595846, -23.6538347)"
10947845514,50,NA,"c(-46.7597192, -23.6537649)"
10947845518,50,NA,"c(-46.7516725, -23.6495526)"
10962168319,50,NA,"c(-46.7045048, -23.5727987)"
10966090596,50,NA,"c(-46.6926288, -23.5680024)"
10966868723,50,NA,"c(-46.6220532, -23.5691665)"
11055805000,50,NA,"c(-46.5410261, -23.4634655)"
11071199291,NA,NA,"c(-46.4796718, -23.6973672)"
11071202434,NA,NA,"c(-46.4796744, -23.6975583)"
11094156410,90,NA,"c(-46.4826892, -23.458539)"
11205627618,40,NA,"c(-46.6407825, -23.4713342)"
11293322486,50,NA,"c(-46.6539786, -23.5634273)"
11301329755,50,NA,"c(-46.7487044, -23.6442474)"
11303448653,60,NA,"c(-46.5429607, -23.682007)"
11373352345,120,NA,"c(-46.7455625, -23.4746525)"
11373380947,100,NA,"c(-46.7621422, -23.4348503)"
11386391711,50,NA,"c(-46.6533132, -23.6220962)"
11420308547,40,NA,"c(-46.7769866, -23.6784356)"
11420308548,40,NA,"c(-46.777018, -23.6783609)"
11420346486,40,NA,"c(-46.7358624, -23.6559868)"
11420346489,50,NA,"c(-46.7499993, -23.6487098)"
11420346509,50,NA,"c(-46.744189, -23.6729983)"
11420346511,50,NA,"c(-46.7432739, -23.6725146)"
11420346513,50,NA,"c(-46.7632292, -23.6788552)"
11420346515,50,NA,"c(-46.7674197, -23.682225)"
11420346519,50,NA,"c(-46.7719928, -23.6877043)"
11420346520,50,NA,"c(-46.7718708, -23.687784)"
11420346524,40,NA,"c(-46.772334, -23.6783751)"
11420346525,40,NA,"c(-46.7722919, -23.6783203)"
11458365224,50,NA,"c(-46.4066642, -23.4328781)"
11458365225,50,NA,"c(-46.4119839, -23.4340847)"
11488842823,80,60,"c(-46.5801799, -23.4067676)"
11532117831,120,90,"c(-46.5944046, -23.7539661)"
11532139641,80,NA,"c(-46.4884516, -23.8822385)"
11653329060,40,NA,"c(-46.4329002, -23.4364965)"
11653329061,40,NA,"c(-46.432786, -23.4364765)"
11653329062,50,NA,"c(-46.3981739, -23.436151)"
11817541698,90,60,"c(-46.7169005, -23.6303538)"
11980904279,40,NA,"c(-46.5710284, -23.6657745)"
11993097042,50,NA,"c(-46.4632592, -23.4904122)"
12162386683,40,NA,"c(-46.626735, -23.4872583)"
12291964856,40,NA,"c(-46.5523813, -23.689814)"
12291997297,40,NA,"c(-46.7337935, -23.5278455)"
12291997298,40,NA,"c(-46.7338068, -23.5278313)"
12334313838,80,NA,"c(-46.4701051, -23.8990755)"
12455063375,40,NA,"c(-46.581144, -23.5494948)"
12487174244,NA,NA,"c(-46.5319274, -23.7841686)"
12487174247,NA,NA,"c(-46.5317203, -23.7842082)"
12513087038,40,NA,"c(-46.4157344, -23.5240761)"
